contract_address,evt_tx_hash,evt_index,evt_block_time,evt_block_number,collateralAsset,debtAsset,debtToCover,liquidatedCollateralAmount,liquidator,receiveAToken,user
0x87870bca3f3fd6335c3f4ce8392d69350b4fa4e2,0xf66f1277c3bb078809676cc0b7e48dbd70cd578b33b9266be1b0895564002234,18,2023-02-09 19:33:47.000 UTC,1.6593309e+07,0xc02aaa39b223fe8d0a0e5c4f27ead9083c756cc2,0xa0b86991c6218b36c1d19d4a2e9eb0ce3606eb48,75876887134,50787934323477327821,0xd050e0a4838d74769228b49dff97241b4ef3805d,false,0xbec69dfce4c1fa8b7843fee1ca85788d84a86b06
0x87870bca3f3fd6335c3f4ce8392d69350b4fa4e2,0x9d10dd3ddfdf168eef2340ed2ee03b6fc1f473be4ad8c8c8ff8b717fd5d7e48e,21,2023-05-25 01:27:23.000 UTC,1.7332891e+07,0xc02aaa39b223fe8d0a0e5c4f27ead9083c756cc2,0xdac17f958d2ee523a2206206994597c13d831ec7,11773826517,6961249127211782452,0x80d4230c0a68fc59cb264329d3a717fcaa472a13,false,0x7ed571262cdae3367af4fa621ab0f480d7242409
0x87870bca3f3fd6335c3f4ce8392d69350b4fa4e2,0xd62240c9bdadd353a3e0afe152018d0f3dd40b8bea264843c7c2bdffd2b42d45,105,2023-05-25 01:27:35.000 UTC,1.7332892e+07,0xc02aaa39b223fe8d0a0e5c4f27ead9083c756cc2,0x6b175474e89094c44da98b954eedeac495271d0f,1437532717407287775272,849878976228668071,0x1a2d11cb90d1de13bb81ee7b772a08ac234a8058,false,0xae5ee34994dce7bace81fab0f163895505f92225
0x87870bca3f3fd6335c3f4ce8392d69350b4fa4e2,0xcade071b8a285f7058e542d320de63a7fede46c2c9b939d21a7988e01ef286d3,435,2023-06-14 20:05:47.000 UTC,1.7480438e+07,0xc02aaa39b223fe8d0a0e5c4f27ead9083c756cc2,0x6b175474e89094c44da98b954eedeac495271d0f,3436168262422310889652,2106367586443609633,0x80d4230c0a68fc59cb264329d3a717fcaa472a13,false,0xde092a220313cede58750434b66d46b5ff494cbb
0x87870bca3f3fd6335c3f4ce8392d69350b4fa4e2,0x34bb44abe99b68e04880f9040accc7a726bb13504dcd82b028701f6048dd5a34,157,2023-06-14 20:06:11.000 UTC,1.748044e+07,0xc02aaa39b223fe8d0a0e5c4f27ead9083c756cc2,0x6b175474e89094c44da98b954eedeac495271d0f,2113709400787951645467,1303604596421313515,0x50a77ba863dbaa84269133e5625ef80072f1884a,false,0x8f101fc8479fd1d7c230d37b7a23fee09084aebd
0x87870bca3f3fd6335c3f4ce8392d69350b4fa4e2,0x0d3b82db725bc791f6594e665fbe9803e94f49b49c67ec7da40f351fd76e9ca3,48,2023-06-14 20:06:23.000 UTC,1.7480441e+07,0xc02aaa39b223fe8d0a0e5c4f27ead9083c756cc2,0xa0b86991c6218b36c1d19d4a2e9eb0ce3606eb48,7796643819,4809563968618992785,0x80d4230c0a68fc59cb264329d3a717fcaa472a13,false,0x7420fa58ba44e1141d5e9adb6903be549f7ce0b5
0x87870bca3f3fd6335c3f4ce8392d69350b4fa4e2,0x78d5d1f131ec135b78936c155f9079de08da9e0bfbf92d2e2f9aa5494d311e77,98,2023-06-14 20:07:11.000 UTC,1.7480445e+07,0xc02aaa39b223fe8d0a0e5c4f27ead9083c756cc2,0x6b175474e89094c44da98b954eedeac495271d0f,7136269530972618023958,4448208443513725044,0x50a77ba863dbaa84269133e5625ef80072f1884a,false,0xae1704ea3747e4861fb7283a9eaa8c70b925295c
0x87870bca3f3fd6335c3f4ce8392d69350b4fa4e2,0xdfeaf613d2963adcc1b30495dd75b204d26d4fa8750081423879a1b78f53f781,20,2023-07-17 18:34:11.000 UTC,1.7714791e+07,0xc02aaa39b223fe8d0a0e5c4f27ead9083c756cc2,0xa0b86991c6218b36c1d19d4a2e9eb0ce3606eb48,3399444799,1883241410302118286,0xb206ebe579be55f5b57119bb2e7cc63708eda1aa,false,0x4ebde1e8ad8e205d4de268ba758e5725eafbc6fd
0x87870bca3f3fd6335c3f4ce8392d69350b4fa4e2,0xc5bdaf26f1ad45f6e375322fa558f3ccf93af31a5d7287ea5876975fdfb1415f,85,2023-06-05 19:07:11.000 UTC,1.7416282e+07,0x2260fac5e5542a773aa44fbcfedf7c193bc2c599,0xc02aaa39b223fe8d0a0e5c4f27ead9083c756cc2,589849082506333214,4420835,0x6dce52e318338b0cc30969ada8e0c95d24c37a28,false,0x3070f20f86fda706ac380f5060d256028a46ec29
0x87870bca3f3fd6335c3f4ce8392d69350b4fa4e2,0x9fcecc220aa54043649dd56f19241bbe9d002a3c5fed02a6f52c9423219af8cf,22,2023-04-05 00:57:23.000 UTC,1.6979196e+07,0xa0b86991c6218b36c1d19d4a2e9eb0ce3606eb48,0xc02aaa39b223fe8d0a0e5c4f27ead9083c756cc2,14324776126962680482,28442869677,0x777777751f9115c5491375c28080e8c8aab99554,false,0xc72fe1eba65fc9a14f7236c35b5998fa98452ce0
0x87870bca3f3fd6335c3f4ce8392d69350b4fa4e2,0xac5946a5b4a91429cb3d2cdc19f894917103af1a661d99fd9f947f0ab22cc77b,75,2023-04-18 01:15:11.000 UTC,1.7070266e+07,0xc02aaa39b223fe8d0a0e5c4f27ead9083c756cc2,0xa0b86991c6218b36c1d19d4a2e9eb0ce3606eb48,7249903778,3668757078376949316,0x80d4230c0a68fc59cb264329d3a717fcaa472a13,false,0xae5ee34994dce7bace81fab0f163895505f92225
0x87870bca3f3fd6335c3f4ce8392d69350b4fa4e2,0x4ba1729dd0e5be6e53bc99e46677b753486ca5cee8cc064ea4c77500f4109687,297,2023-05-31 10:01:47.000 UTC,1.7378132e+07,0x7f39c581f595b53c5cb19bd0b3f8da6c935e2ca0,0xa0b86991c6218b36c1d19d4a2e9eb0ce3606eb48,500071369,252468710857753005,0x6ff8a0b19bc1275fd7e2075d4de197eb518750fc,false,0xba006ea5d47eff88efaae09a268d65f2edfb10ae
0x87870bca3f3fd6335c3f4ce8392d69350b4fa4e2,0xbaed189593ba29472e4b2b7e827cc31cc62f12cd3c34df239046dab61035bad7,169,2023-02-09 03:05:59.000 UTC,1.6588404e+07,0xc02aaa39b223fe8d0a0e5c4f27ead9083c756cc2,0xa0b86991c6218b36c1d19d4a2e9eb0ce3606eb48,1883936835,1215400833289468483,0x3697e949a4d9a507a6ce2f6ff6bb99bcc8eacb81,false,0x87a6cd60c74b7c70b7443ff4632118ccfe650d9d
0x87870bca3f3fd6335c3f4ce8392d69350b4fa4e2,0xdd362b33852f8a9b5561d5ebd4469c4cb8a17e7175777706a105f4de65157c5b,22,2023-07-05 13:04:11.000 UTC,1.7627859e+07,0xc02aaa39b223fe8d0a0e5c4f27ead9083c756cc2,0xa0b86991c6218b36c1d19d4a2e9eb0ce3606eb48,26835090028,14783129315949393861,0x7d32c90762e22379235fc311fdb16fab399ed40a,false,0x4ebde1e8ad8e205d4de268ba758e5725eafbc6fd
0x87870bca3f3fd6335c3f4ce8392d69350b4fa4e2,0x50aefc5870bb1b35e545263fed8a122fe27d41fe4a2193fa9572e1531c919656,67,2023-03-10 06:46:47.000 UTC,1.6796058e+07,0xc02aaa39b223fe8d0a0e5c4f27ead9083c756cc2,0xa0b86991c6218b36c1d19d4a2e9eb0ce3606eb48,556622601,411734703087352122,0xac9683c436e4acca9e6d9653ce13016e8e2ac3d0,false,0x0d180d497722db56ddb2953f3b76ec435c76b489
0x87870bca3f3fd6335c3f4ce8392d69350b4fa4e2,0xe9582aca6b875acb149dcfd44a47e3014a703b917ead1dcd011cc1cea3f6d7d2,88,2023-03-10 06:46:47.000 UTC,1.6796058e+07,0xc02aaa39b223fe8d0a0e5c4f27ead9083c756cc2,0xa0b86991c6218b36c1d19d4a2e9eb0ce3606eb48,601002728,444562759979932342,0xac9683c436e4acca9e6d9653ce13016e8e2ac3d0,false,0x7e16bfa814f0c91defc26d8bbb8d36bd65820867
0x87870bca3f3fd6335c3f4ce8392d69350b4fa4e2,0x4335ec5ba9e1bb45d8d6bfbf03cc0e70ebbbde5b9f883cb8d0d0c46f8369c252,46,2023-04-21 20:25:35.000 UTC,1.709711e+07,0xc02aaa39b223fe8d0a0e5c4f27ead9083c756cc2,0xa0b86991c6218b36c1d19d4a2e9eb0ce3606eb48,1972109275,1118386653369268575,0x1a2d11cb90d1de13bb81ee7b772a08ac234a8058,false,0xae5ee34994dce7bace81fab0f163895505f92225
0x87870bca3f3fd6335c3f4ce8392d69350b4fa4e2,0x96e398642ec1f66219237cebbe1cd77d9ecb1d5ef64573ce9dc391efe27bb8e4,154,2023-04-21 20:26:23.000 UTC,1.7097114e+07,0xba100000625a3754423978a60c9317c58a424e3d,0xa0b86991c6218b36c1d19d4a2e9eb0ce3606eb48,192032850,33564741033510552354,0x04c85b48ea69f2c2ffedb6f23b68f8ba1cf082d5,false,0x7e9226f4d9cf7aed64d24918477520a70d1b4820
0x87870bca3f3fd6335c3f4ce8392d69350b4fa4e2,0x1a8a0e59c44781b82f83a10e333f087e70b8e99df305331d4b43192833f02fbe,14,2023-04-21 21:08:35.000 UTC,1.7097323e+07,0xc02aaa39b223fe8d0a0e5c4f27ead9083c756cc2,0xa0b86991c6218b36c1d19d4a2e9eb0ce3606eb48,1743288639,988687050154171517,0x1a2d11cb90d1de13bb81ee7b772a08ac234a8058,false,0x23db246031fd6f4e81b0814e9c1dc0901a18da2d
0x87870bca3f3fd6335c3f4ce8392d69350b4fa4e2,0x91e018ac94bd2f8f0d115f242fcc91eeea4950f7bb08b507a1ee84f2d046a21a,127,2023-04-21 19:07:35.000 UTC,1.7096726e+07,0x2260fac5e5542a773aa44fbcfedf7c193bc2c599,0xa0b86991c6218b36c1d19d4a2e9eb0ce3606eb48,44293601152,169980183,0x80d4230c0a68fc59cb264329d3a717fcaa472a13,false,0x35d1ca7a982d65c784361501e0aadb1ab1d4cc1b
0x87870bca3f3fd6335c3f4ce8392d69350b4fa4e2,0x574609f5f3d018f83bb4fd0aada2f17d945b972693821c38e605a5ca9673c920,23,2023-04-21 19:08:11.000 UTC,1.7096729e+07,0xc02aaa39b223fe8d0a0e5c4f27ead9083c756cc2,0xa0b86991c6218b36c1d19d4a2e9eb0ce3606eb48,8302452588,4707987297319782175,0xd050e0a4838d74769228b49dff97241b4ef3805d,false,0xff9b90914e248339ab0a50bf4798ef8b012eac79
0x87870bca3f3fd6335c3f4ce8392d69350b4fa4e2,0xa5bb1dec4b0142833c655a6cdcc05470627080adf34519801112053b55e00aed,445,2023-04-21 19:08:11.000 UTC,1.7096729e+07,0xc02aaa39b223fe8d0a0e5c4f27ead9083c756cc2,0x6b175474e89094c44da98b954eedeac495271d0f,6087622936843983284494,3451976656817368877,0x80d4230c0a68fc59cb264329d3a717fcaa472a13,false,0xde092a220313cede58750434b66d46b5ff494cbb
0x87870bca3f3fd6335c3f4ce8392d69350b4fa4e2,0x45c363b6c954202e5ad4b943e3fe6d77b3d72abed5792819549db0a57a91cf53,15,2023-04-21 06:41:47.000 UTC,1.7093055e+07,0xc02aaa39b223fe8d0a0e5c4f27ead9083c756cc2,0xa0b86991c6218b36c1d19d4a2e9eb0ce3606eb48,16603794739,9073041827485772569,0x80d4230c0a68fc59cb264329d3a717fcaa472a13,false,0xff9b90914e248339ab0a50bf4798ef8b012eac79
0x87870bca3f3fd6335c3f4ce8392d69350b4fa4e2,0x32948063a748fbaf95111c773d42599696c715b6181835a1169e5f36ddc91593,130,2023-04-21 05:28:11.000 UTC,1.7092695e+07,0x7f39c581f595b53c5cb19bd0b3f8da6c935e2ca0,0xc02aaa39b223fe8d0a0e5c4f27ead9083c756cc2,2521250753749994589,2273783449562850472,0xacc0e971c273af3f49f82029ad297d0898d8a266,false,0x9df12bfe371b308d39277e6377f4117e03ac8cb6
0x87870bca3f3fd6335c3f4ce8392d69350b4fa4e2,0x6bd621f61e6fecb0216e98624f7027aea17889764d47b69078f07c4c589f661e,20,2023-07-05 08:19:23.000 UTC,1.7626452e+07,0xc02aaa39b223fe8d0a0e5c4f27ead9083c756cc2,0xa0b86991c6218b36c1d19d4a2e9eb0ce3606eb48,50063263369,27173690748085238975,0xb206ebe579be55f5b57119bb2e7cc63708eda1aa,false,0x4ebde1e8ad8e205d4de268ba758e5725eafbc6fd
0x87870bca3f3fd6335c3f4ce8392d69350b4fa4e2,0xa88528a8d0865330158e40ebf86d6992ff583fd20325617a37e4c457c09244ca,184,2023-07-24 09:50:47.000 UTC,1.7762182e+07,0xc02aaa39b223fe8d0a0e5c4f27ead9083c756cc2,0xa0b86991c6218b36c1d19d4a2e9eb0ce3606eb48,2604739301,1469396437763640314,0x80d4230c0a68fc59cb264329d3a717fcaa472a13,false,0x9f903780044088e5540191c52af6e9ea2283c37d
0x87870bca3f3fd6335c3f4ce8392d69350b4fa4e2,0x6887c14720a617db070c3d6c3d36f9d908d9038e31f6a1e44023f30538d227ea,22,2023-07-24 09:50:59.000 UTC,1.7762183e+07,0x2260fac5e5542a773aa44fbcfedf7c193bc2c599,0xdac17f958d2ee523a2206206994597c13d831ec7,332878930400,1195763111,0x80d4230c0a68fc59cb264329d3a717fcaa472a13,false,0x543ab47ac1600329d48e762972511d58c8a83756
0x87870bca3f3fd6335c3f4ce8392d69350b4fa4e2,0x519d7c5ccc98fd394817517382c64b9594738e4df739853db28a8cc719114de2,174,2023-07-24 09:51:59.000 UTC,1.7762188e+07,0xc02aaa39b223fe8d0a0e5c4f27ead9083c756cc2,0xa0b86991c6218b36c1d19d4a2e9eb0ce3606eb48,1427160555,811095740329768098,0x1a2d11cb90d1de13bb81ee7b772a08ac234a8058,false,0xb655a9ecee1dd4eee62dcb4c2b42a7e2fab63a51
0x87870bca3f3fd6335c3f4ce8392d69350b4fa4e2,0xb15e5e176bb8483d20d6318464749dc4809939c43aeb0fd3534b054f3bb4b1c5,76,2023-07-24 11:21:11.000 UTC,1.7762628e+07,0x7f39c581f595b53c5cb19bd0b3f8da6c935e2ca0,0xa0b86991c6218b36c1d19d4a2e9eb0ce3606eb48,655308816,332200043026715526,0x1a2d11cb90d1de13bb81ee7b772a08ac234a8058,false,0xeaba588d42d7f13048bd5795372530ac98cbd34f
0x87870bca3f3fd6335c3f4ce8392d69350b4fa4e2,0xe7e431902fb514e163f68e31ae6c28f5a575848f48bc50f750d7d30f3fba0e00,112,2023-04-09 20:20:35.000 UTC,1.7013048e+07,0xa0b86991c6218b36c1d19d4a2e9eb0ce3606eb48,0x2260fac5e5542a773aa44fbcfedf7c193bc2c599,10031,2928874,0x594efbe5a71a10a958d812b4c65f3dfa60922a15,false,0x83f1f94d3f6253ac6762ccf72c57afd8850b5edb
0x87870bca3f3fd6335c3f4ce8392d69350b4fa4e2,0x345bcbc33e99f576666b61702353a618b01c812c8056c830840fa3e447c69111,68,2023-04-09 20:21:23.000 UTC,1.7013052e+07,0xa0b86991c6218b36c1d19d4a2e9eb0ce3606eb48,0x2260fac5e5542a773aa44fbcfedf7c193bc2c599,431698,126048152,0x594efbe5a71a10a958d812b4c65f3dfa60922a15,false,0x07ede94cf6316f4809f2b725f5d79ad303fb4dc8
0x87870bca3f3fd6335c3f4ce8392d69350b4fa4e2,0xf26c229b7af40617ad6f692cb4ccd95f1958e57dfe97a2b89fccd587c204bfbd,74,2023-07-19 17:33:47.000 UTC,1.7728745e+07,0xc02aaa39b223fe8d0a0e5c4f27ead9083c756cc2,0x514910771af9ca656af840dff83e8264ecf986ca,251471447427606240638,959096240898775905,0x7d32c90762e22379235fc311fdb16fab399ed40a,false,0x837bbdccac71d15e03a6e8de25ebaecbd003a307
0x87870bca3f3fd6335c3f4ce8392d69350b4fa4e2,0x387bce20625c89f628e4840568f4110e2131d83d427a05edf6ee36e5c3924c83,58,2023-06-10 09:49:23.000 UTC,1.7448988e+07,0x7f39c581f595b53c5cb19bd0b3f8da6c935e2ca0,0x6b175474e89094c44da98b954eedeac495271d0f,1117972236911689085414,605897924150170705,0x80d4230c0a68fc59cb264329d3a717fcaa472a13,false,0x1b7a9c831b4f2088fa6eae337088ae2fc9913ef5
0x87870bca3f3fd6335c3f4ce8392d69350b4fa4e2,0x73ca0d2cf238cec796aba97d657bb8d1bde4271c064267012023f4eabe68d834,29,2023-06-10 06:48:35.000 UTC,1.7448097e+07,0xc02aaa39b223fe8d0a0e5c4f27ead9083c756cc2,0xdac17f958d2ee523a2206206994597c13d831ec7,2852328670,1715033411704785726,0x50a77ba863dbaa84269133e5625ef80072f1884a,false,0x54f9a36bcb815053f8cb37bcb8d7373bfd69c21e
0x87870bca3f3fd6335c3f4ce8392d69350b4fa4e2,0x9bf4b2964252ecf95999e505ccb316ccb8a2a31c948f38ec57734fbca1d665e3,16,2023-06-10 07:09:47.000 UTC,1.7448202e+07,0xc02aaa39b223fe8d0a0e5c4f27ead9083c756cc2,0xa0b86991c6218b36c1d19d4a2e9eb0ce3606eb48,138470644955,83682735336084961338,0x80d4230c0a68fc59cb264329d3a717fcaa472a13,false,0x01acb3804ba9c42111c6e9c127831eb486ca1ac7
0x87870bca3f3fd6335c3f4ce8392d69350b4fa4e2,0x345b809881d947ffaf697a31374e2d59266d590cb399e34ebab3a087bc55a4b1,79,2023-06-10 07:18:11.000 UTC,1.7448243e+07,0x514910771af9ca656af840dff83e8264ecf986ca,0x5f98805a4e8be255a32880fdec7f6728c6568ba0,515604976126921849299,110362494385989503350,0x6dce52e318338b0cc30969ada8e0c95d24c37a28,false,0x582a6b4c06660dda4578df95224996031251cf8a
0x87870bca3f3fd6335c3f4ce8392d69350b4fa4e2,0x9bef091a37b8c0821a1273a0d891bb76b6e55f479fab900ead89d3dbb6a48b86,59,2023-03-03 21:20:35.000 UTC,1.6750603e+07,0xc02aaa39b223fe8d0a0e5c4f27ead9083c756cc2,0x6b175474e89094c44da98b954eedeac495271d0f,2563413690277000297311,1725413753796595155,0xacc0e971c273af3f49f82029ad297d0898d8a266,false,0x5ec38fa1aba800ad9745553afcee2e538a11048a
0x87870bca3f3fd6335c3f4ce8392d69350b4fa4e2,0x724b42054de556d9d392d045cc9997931d47c8016ab144928507fd7f9b61cb8b,56,2023-05-11 12:51:35.000 UTC,1.7237226e+07,0xc02aaa39b223fe8d0a0e5c4f27ead9083c756cc2,0xa0b86991c6218b36c1d19d4a2e9eb0ce3606eb48,2079891997,1194595131688723436,0x1a2d11cb90d1de13bb81ee7b772a08ac234a8058,false,0xff9b90914e248339ab0a50bf4798ef8b012eac79
0x87870bca3f3fd6335c3f4ce8392d69350b4fa4e2,0xc0d08f51d97802490bf8ac298573f66ea2051abd8959c67e95be213ac5b170c3,84,2023-07-22 23:18:11.000 UTC,1.7751893e+07,0xc02aaa39b223fe8d0a0e5c4f27ead9083c756cc2,0x6b175474e89094c44da98b954eedeac495271d0f,3586701559577080877867,2016410846686389696,0xd050e0a4838d74769228b49dff97241b4ef3805d,false,0xae1704ea3747e4861fb7283a9eaa8c70b925295c
0x87870bca3f3fd6335c3f4ce8392d69350b4fa4e2,0x774c532896454e2f58e5dc7c18f8d4d804bf149eea2cefffb0aaff3bec48571e,90,2023-04-23 21:04:23.000 UTC,1.7111568e+07,0xc02aaa39b223fe8d0a0e5c4f27ead9083c756cc2,0xa0b86991c6218b36c1d19d4a2e9eb0ce3606eb48,537472339,303907816419843873,0x33be3a13383a2e5f4c66366f00b73e88a9792efb,false,0xcce3ada5314481db76709fa69a67166e9434a3b3
0x87870bca3f3fd6335c3f4ce8392d69350b4fa4e2,0xe0d77db485e0e8182da48ba434acddaf50cec1b097a0e0235ea56a6c2bc9cfb4,162,2023-03-27 15:01:47.000 UTC,1.6919479e+07,0xc02aaa39b223fe8d0a0e5c4f27ead9083c756cc2,0x6b175474e89094c44da98b954eedeac495271d0f,2401043019454958246362,1469217694302539691,0x1a2d11cb90d1de13bb81ee7b772a08ac234a8058,false,0x2db98d6507f14615cd9b9b287d8109328b6dc209
0x87870bca3f3fd6335c3f4ce8392d69350b4fa4e2,0x886aad62015a4f238848fe8ba96e4c82106a971ef5832183c8f12afbee0ed5c9,249,2023-06-05 16:00:59.000 UTC,1.7415362e+07,0xc02aaa39b223fe8d0a0e5c4f27ead9083c756cc2,0xa0b86991c6218b36c1d19d4a2e9eb0ce3606eb48,6246642903,3600427467439283372,0x80d4230c0a68fc59cb264329d3a717fcaa472a13,false,0xde092a220313cede58750434b66d46b5ff494cbb
0x87870bca3f3fd6335c3f4ce8392d69350b4fa4e2,0x9964a7dd2a48e6cf9163db1fb7529911f64a6d270cf76c5656df723e4d0d8ada,72,2023-06-16 18:06:47.000 UTC,1.7494072e+07,0x6b175474e89094c44da98b954eedeac495271d0f,0xbe9895146f7af43049ca1c1ae358b0541ea49704,1715156419210428916,3136363874443813819075,0x50a77ba863dbaa84269133e5625ef80072f1884a,false,0xfad9ea29ae51b72a605c9952fe49048c76109577
0x87870bca3f3fd6335c3f4ce8392d69350b4fa4e2,0xe933b1ade18a0376c93c69f4180dfe0ee57f62c6872d9b57799f5e3892029c21,48,2023-03-25 19:09:23.000 UTC,1.6906458e+07,0x2260fac5e5542a773aa44fbcfedf7c193bc2c599,0xa0b86991c6218b36c1d19d4a2e9eb0ce3606eb48,3001180412,11582707,0x80d4230c0a68fc59cb264329d3a717fcaa472a13,false,0x2db98d6507f14615cd9b9b287d8109328b6dc209
0x87870bca3f3fd6335c3f4ce8392d69350b4fa4e2,0xa1269e9efaf1319e92b68701e5260197d77208d48c7be60ef7d1926732a3d6da,22,2023-06-23 15:54:11.000 UTC,1.7543287e+07,0xc02aaa39b223fe8d0a0e5c4f27ead9083c756cc2,0x514910771af9ca656af840dff83e8264ecf986ca,2049592587192571673258,6774850107021647888,0x80d4230c0a68fc59cb264329d3a717fcaa472a13,false,0x837bbdccac71d15e03a6e8de25ebaecbd003a307
0x87870bca3f3fd6335c3f4ce8392d69350b4fa4e2,0xc1cac3371234769a6303b66927df6645970ed083c0492adb5819b3d8b9230ec3,102,2023-04-13 10:32:11.000 UTC,1.7038019e+07,0xa0b86991c6218b36c1d19d4a2e9eb0ce3606eb48,0xc02aaa39b223fe8d0a0e5c4f27ead9083c756cc2,627168816228943796,1288744231,0xac9683c436e4acca9e6d9653ce13016e8e2ac3d0,false,0x0bba020af5e1afcd54a2cfd1f109a8c9244a2feb
0x87870bca3f3fd6335c3f4ce8392d69350b4fa4e2,0xc358e4ef73351b98ff0d0fc3ae307c5b5c1b8045004cc430df9b505bd48b52d6,99,2023-07-20 11:35:35.000 UTC,1.7734118e+07,0x2260fac5e5542a773aa44fbcfedf7c193bc2c599,0x514910771af9ca656af840dff83e8264ecf986ca,175465540267350674202,4996662,0x7d32c90762e22379235fc311fdb16fab399ed40a,false,0x36e61ac5a3297da0d9bffbe7827b3d98bc59c955
0x87870bca3f3fd6335c3f4ce8392d69350b4fa4e2,0x421900e336c1d0a9d34ed3fefb608df112a0d9c851edd5d8324de659763ddae1,59,2023-07-20 16:55:35.000 UTC,1.7735702e+07,0xc02aaa39b223fe8d0a0e5c4f27ead9083c756cc2,0x6b175474e89094c44da98b954eedeac495271d0f,1060634493677903314469,588425125625857957,0x1a2d11cb90d1de13bb81ee7b772a08ac234a8058,false,0x7420fa58ba44e1141d5e9adb6903be549f7ce0b5
0x87870bca3f3fd6335c3f4ce8392d69350b4fa4e2,0x4eb08984a4255cd88328f831b8f61745fc7e5ef2b314e15b7142956775cd9d38,254,2023-07-14 18:26:23.000 UTC,1.7693468e+07,0xc02aaa39b223fe8d0a0e5c4f27ead9083c756cc2,0xc02aaa39b223fe8d0a0e5c4f27ead9083c756cc2,3504344313253448704,3662039807349853895,0x80d4230c0a68fc59cb264329d3a717fcaa472a13,false,0x4ebde1e8ad8e205d4de268ba758e5725eafbc6fd
0x87870bca3f3fd6335c3f4ce8392d69350b4fa4e2,0xa4c0917b0dd2d436483b7f84ca4da5ed29d7ef0f250935f707b6c00dd2d4f1ba,89,2023-07-14 01:11:47.000 UTC,1.7688356e+07,0x2260fac5e5542a773aa44fbcfedf7c193bc2c599,0xae78736cd615f374d3085123a210448e74fc6393,705086203935039142,5121811,0x7d32c90762e22379235fc311fdb16fab399ed40a,false,0xfad9ea29ae51b72a605c9952fe49048c76109577
0x87870bca3f3fd6335c3f4ce8392d69350b4fa4e2,0x147f583e099b6c72d6ce8128fe67b16a06fe3b2bd38b98c1cf2151db34ed74e8,120,2023-04-20 00:06:35.000 UTC,1.708408e+07,0xc02aaa39b223fe8d0a0e5c4f27ead9083c756cc2,0x6b175474e89094c44da98b954eedeac495271d0f,2821252206093766945883,1522601790860803466,0xacc0e971c273af3f49f82029ad297d0898d8a266,false,0x23db246031fd6f4e81b0814e9c1dc0901a18da2d
0x87870bca3f3fd6335c3f4ce8392d69350b4fa4e2,0xfbb90f7e2138ec2dd0c504de94f37fb8d02326945987d1230f30cf39d1d1909f,20,2023-04-14 00:30:47.000 UTC,1.7041917e+07,0xa0b86991c6218b36c1d19d4a2e9eb0ce3606eb48,0xc02aaa39b223fe8d0a0e5c4f27ead9083c756cc2,726753593943236845,1526399137,0xac9683c436e4acca9e6d9653ce13016e8e2ac3d0,false,0xd9a46702e89d63f0b0c5197976088039b9f5dc06
0x87870bca3f3fd6335c3f4ce8392d69350b4fa4e2,0xd97cd31d98cf11eabf4e42055e1a09d27d4e97b41792e9a79e715f14eb965a2e,182,2023-03-11 17:24:23.000 UTC,1.68063e+07,0xc02aaa39b223fe8d0a0e5c4f27ead9083c756cc2,0xa0b86991c6218b36c1d19d4a2e9eb0ce3606eb48,17500490058,11934575826684149704,0x80d4230c0a68fc59cb264329d3a717fcaa472a13,false,0x61626570902dfbdac61bc49d3842836ba93a0ff7
0x87870bca3f3fd6335c3f4ce8392d69350b4fa4e2,0x9b951c98ad0dbbf1d8aec216a238400fb5d5876c4f38f6fe9c74b34d0349b10d,43,2023-05-01 20:42:35.000 UTC,1.7168419e+07,0xc02aaa39b223fe8d0a0e5c4f27ead9083c756cc2,0xdac17f958d2ee523a2206206994597c13d831ec7,2819309634,1626392737434155280,0xacc0e971c273af3f49f82029ad297d0898d8a266,false,0xff9b90914e248339ab0a50bf4798ef8b012eac79
0x87870bca3f3fd6335c3f4ce8392d69350b4fa4e2,0xef36670a65bf317f100321c53ab2a74d74f48c4b9bacf193b13261298947acb7,106,2023-07-07 04:55:59.000 UTC,1.7639693e+07,0xc02aaa39b223fe8d0a0e5c4f27ead9083c756cc2,0xdac17f958d2ee523a2206206994597c13d831ec7,990241516,558375018168742871,0x7d32c90762e22379235fc311fdb16fab399ed40a,false,0xd2137e8cec478083548b3d6d172da545b94716b9
0x87870bca3f3fd6335c3f4ce8392d69350b4fa4e2,0xcc3090636601320a2c03fc2d1241ea48f8c95d476e97fe433e22be7190707c8d,132,2023-07-07 00:02:11.000 UTC,1.7638235e+07,0xc02aaa39b223fe8d0a0e5c4f27ead9083c756cc2,0xdac17f958d2ee523a2206206994597c13d831ec7,5479602862,3105351873294757573,0xb206ebe579be55f5b57119bb2e7cc63708eda1aa,false,0xae1704ea3747e4861fb7283a9eaa8c70b925295c
0x87870bca3f3fd6335c3f4ce8392d69350b4fa4e2,0x725359e498d3aeb7336439b5e08531b962779a2140b9e5aa6944303edf04f630,22,2023-07-07 00:03:11.000 UTC,1.763824e+07,0xc02aaa39b223fe8d0a0e5c4f27ead9083c756cc2,0xa0b86991c6218b36c1d19d4a2e9eb0ce3606eb48,6812415893,3883081239590686287,0x80d4230c0a68fc59cb264329d3a717fcaa472a13,false,0x4ebde1e8ad8e205d4de268ba758e5725eafbc6fd
0x87870bca3f3fd6335c3f4ce8392d69350b4fa4e2,0xa99fe3caccf7cf6a96e9094d143c571b764667205eaffc7096dfbf6ffe040042,279,2023-07-07 02:54:59.000 UTC,1.7639092e+07,0x2260fac5e5542a773aa44fbcfedf7c193bc2c599,0xdac17f958d2ee523a2206206994597c13d831ec7,748197446,2594141,0x6dce52e318338b0cc30969ada8e0c95d24c37a28,false,0xad591a6d35237dada634d43c1c9a5b10d6ed36f6
0x87870bca3f3fd6335c3f4ce8392d69350b4fa4e2,0x8c18ba22a2b86c48e82951c1ea8ee6b03b7e6740a12c6dc109847858fde68f60,22,2023-03-22 19:48:47.000 UTC,1.6885309e+07,0xc02aaa39b223fe8d0a0e5c4f27ead9083c756cc2,0xa0b86991c6218b36c1d19d4a2e9eb0ce3606eb48,41802188647,25402963806691327747,0x777777751f9115c5491375c28080e8c8aab99554,false,0xff9b90914e248339ab0a50bf4798ef8b012eac79
0x87870bca3f3fd6335c3f4ce8392d69350b4fa4e2,0x768402b235801f3263f9bd303767a02a0464c6ea40eebd4fe8d08e70ded84ec9,64,2023-06-14 23:14:23.000 UTC,1.7481367e+07,0xc02aaa39b223fe8d0a0e5c4f27ead9083c756cc2,0xa0b86991c6218b36c1d19d4a2e9eb0ce3606eb48,1382549554,876106768372463974,0x80d4230c0a68fc59cb264329d3a717fcaa472a13,false,0x86d396b17860a0bcc4aaa86c4062d9d26e0cb5d7
0x87870bca3f3fd6335c3f4ce8392d69350b4fa4e2,0x65a2f4817cc6f21086357369417d6efd34d20baf3ac81d5583e2f24f896c9e88,49,2023-06-10 05:21:11.000 UTC,1.7447665e+07,0xc02aaa39b223fe8d0a0e5c4f27ead9083c756cc2,0xdac17f958d2ee523a2206206994597c13d831ec7,13872480744,8183309189478844608,0xd050e0a4838d74769228b49dff97241b4ef3805d,false,0xae1704ea3747e4861fb7283a9eaa8c70b925295c
0x87870bca3f3fd6335c3f4ce8392d69350b4fa4e2,0xc758ac03906f5aecddc59b07561af1143d5241c72d5b7603b9ae5bf8147335f9,336,2023-06-10 15:14:11.000 UTC,1.745059e+07,0xa0b86991c6218b36c1d19d4a2e9eb0ce3606eb48,0xdac17f958d2ee523a2206206994597c13d831ec7,1140886465,1181683254,0xe9761f280e603ef4ca35b9ec195cdc1acbfb3965,false,0x2db98d6507f14615cd9b9b287d8109328b6dc209
0x87870bca3f3fd6335c3f4ce8392d69350b4fa4e2,0xc0fda5700bb6762efcc3fd2ae3a43937b7e7752dabcc8f728be72c49620db961,179,2023-04-26 23:25:23.000 UTC,1.7133646e+07,0xc02aaa39b223fe8d0a0e5c4f27ead9083c756cc2,0x6b175474e89094c44da98b954eedeac495271d0f,203137033211066809557,113682825486997495,0xac917b7ffb3292bdcb6107c4ee1513afc222acf4,false,0x238643d4106c7c6206f8dc31acb59cd24c979d12
0x87870bca3f3fd6335c3f4ce8392d69350b4fa4e2,0xe2552515fa61ac12e8e7c9c36c259671385677193f397f6ec5de40f7124096fe,341,2023-04-26 20:01:47.000 UTC,1.7132641e+07,0xc02aaa39b223fe8d0a0e5c4f27ead9083c756cc2,0xa0b86991c6218b36c1d19d4a2e9eb0ce3606eb48,3913270934,2263510382739584577,0x80d4230c0a68fc59cb264329d3a717fcaa472a13,false,0x05cfd4b9b37f4f8736b6da569fb4262d36f57f56
0x87870bca3f3fd6335c3f4ce8392d69350b4fa4e2,0x6bb4dea7338832e8e4777e384e6e73810095cb66d4db3bd51ccb6e44d6630db4,81,2023-07-18 16:49:23.000 UTC,1.7721404e+07,0x2260fac5e5542a773aa44fbcfedf7c193bc2c599,0xa0b86991c6218b36c1d19d4a2e9eb0ce3606eb48,2807567841,9911129,0x50a77ba863dbaa84269133e5625ef80072f1884a,false,0x7420fa58ba44e1141d5e9adb6903be549f7ce0b5
0x87870bca3f3fd6335c3f4ce8392d69350b4fa4e2,0xf6da405abf5b1b3dab9baa053183a573b798debd9a447ef2a7b97164c562bc2d,20,2023-06-10 04:24:23.000 UTC,1.7447383e+07,0x1f9840a85d5af5bf1d1762f925bdaddc4201f984,0xdac17f958d2ee523a2206206994597c13d831ec7,21413170172,5889349934245473976404,0xf35be9a9a0d4b67e776115fa3b6381986379894d,false,0x3b06bc7b205f1a827f6504244db7a8f5b0bf7dfa
0x87870bca3f3fd6335c3f4ce8392d69350b4fa4e2,0xe5520fc22bee12e5566a4905b467853e36551fe8a8c39d13faed97b995b92793,51,2023-06-10 04:24:23.000 UTC,1.7447383e+07,0x7fc66500c84a76ad7e9c93437bfc5ac33e2ddae9,0xdac17f958d2ee523a2206206994597c13d831ec7,11037278153,223131849316646128043,0x80d4230c0a68fc59cb264329d3a717fcaa472a13,false,0x20ad988487d6a53fea7918657f45fe0bb8fd8183
0x87870bca3f3fd6335c3f4ce8392d69350b4fa4e2,0x1c58725ee9df9395ee6f248ef4b7210246b895a4043de9c47487ed3037918c56,18,2023-06-10 04:24:35.000 UTC,1.7447384e+07,0xd533a949740bb3306d119cc777fa900ba034cd52,0x6b175474e89094c44da98b954eedeac495271d0f,24145785037889731231164,38675770958690701526227,0x50a77ba863dbaa84269133e5625ef80072f1884a,false,0x61f41775e63baf8ef689ef03109f9b47908aed21
0x87870bca3f3fd6335c3f4ce8392d69350b4fa4e2,0x6baf921d9135ccb19c788b29d3a014eaf2206bfd63f643d174ede16ce29cb1bb,132,2023-06-10 04:25:35.000 UTC,1.7447389e+07,0xc02aaa39b223fe8d0a0e5c4f27ead9083c756cc2,0xdac17f958d2ee523a2206206994597c13d831ec7,6747017106,3902274862717352292,0x80d4230c0a68fc59cb264329d3a717fcaa472a13,false,0x7ed571262cdae3367af4fa621ab0f480d7242409
0x87870bca3f3fd6335c3f4ce8392d69350b4fa4e2,0x5b71d9779b388f5afa77eb1ff1ab487bc7a1354b99e313e43d135fe655e46868,20,2023-06-10 04:26:47.000 UTC,1.7447395e+07,0x7fc66500c84a76ad7e9c93437bfc5ac33e2ddae9,0xa0b86991c6218b36c1d19d4a2e9eb0ce3606eb48,22628234761,482297124320574129217,0x50a77ba863dbaa84269133e5625ef80072f1884a,false,0x471d2c4d472c5490ffde2c4f7bf902d7e6eed24e
0x87870bca3f3fd6335c3f4ce8392d69350b4fa4e2,0xa6ae60e12e41bbbc52c56503d1f11743a0a63abfb0da1133d56b57ac66607ab4,18,2023-06-10 13:12:23.000 UTC,1.744999e+07,0x514910771af9ca656af840dff83e8264ecf986ca,0xa0b86991c6218b36c1d19d4a2e9eb0ce3606eb48,1755583746,377301110384818935882,0x50a77ba863dbaa84269133e5625ef80072f1884a,false,0x64537fda38e99d24919967f65812695cf3a5d8f0
0x87870bca3f3fd6335c3f4ce8392d69350b4fa4e2,0x1dcacd5eabe40b2b7f41374a72322713a2224d90e443063481ea86207e1337e1,17,2023-06-10 05:47:11.000 UTC,1.7447792e+07,0xc02aaa39b223fe8d0a0e5c4f27ead9083c756cc2,0x6b175474e89094c44da98b954eedeac495271d0f,1417285963111114441913,841884059475003920,0x1a2d11cb90d1de13bb81ee7b772a08ac234a8058,false,0x23db246031fd6f4e81b0814e9c1dc0901a18da2d
0x87870bca3f3fd6335c3f4ce8392d69350b4fa4e2,0x94031c36f941c7cbdaf33ab2f42d844ee58eeaa746a153c04df2c4a7b586d5c8,18,2023-06-10 06:20:11.000 UTC,1.7447956e+07,0xc02aaa39b223fe8d0a0e5c4f27ead9083c756cc2,0xdac17f958d2ee523a2206206994597c13d831ec7,1578237067,940941648731581333,0x80d4230c0a68fc59cb264329d3a717fcaa472a13,false,0xff9b90914e248339ab0a50bf4798ef8b012eac79
0x87870bca3f3fd6335c3f4ce8392d69350b4fa4e2,0xacc1ed572dd6ffc985b339bd57bdfbcd671a0b4e35773965cfc71ddecb1e4d71,22,2023-06-10 08:03:47.000 UTC,1.7448469e+07,0xc02aaa39b223fe8d0a0e5c4f27ead9083c756cc2,0xdac17f958d2ee523a2206206994597c13d831ec7,10576119224,6422480378794107633,0x80d4230c0a68fc59cb264329d3a717fcaa472a13,false,0xc8bfba0bcfd9a42d363881199b33c28437fc38bb
0x87870bca3f3fd6335c3f4ce8392d69350b4fa4e2,0x449355391f467817690618ba298faff4b762ad3ae2002874e518886bdaa7bf67,22,2023-06-14 20:32:35.000 UTC,1.7480572e+07,0xc02aaa39b223fe8d0a0e5c4f27ead9083c756cc2,0xdac17f958d2ee523a2206206994597c13d831ec7,246764048976,156798077748226640901,0x80d4230c0a68fc59cb264329d3a717fcaa472a13,false,0xe38c63e23798b6894d98266e6ddbd0cbd5a6760a
0x87870bca3f3fd6335c3f4ce8392d69350b4fa4e2,0xfb71acded3b7938332fd272a57923365fbd0dfda051e3e65cff473bb80fa17c8,409,2023-06-14 20:32:35.000 UTC,1.7480572e+07,0xc02aaa39b223fe8d0a0e5c4f27ead9083c756cc2,0xa0b86991c6218b36c1d19d4a2e9eb0ce3606eb48,7268997047,4619927255861047157,0x80d4230c0a68fc59cb264329d3a717fcaa472a13,false,0x205a61daa83d213d4e87602401f4616486a52058
0x87870bca3f3fd6335c3f4ce8392d69350b4fa4e2,0xeab95183a1e4c15a1d7909ca445373fe0fe2ecb4b1d50b9dfb8a9461c3f77ad2,177,2023-06-14 20:33:11.000 UTC,1.7480575e+07,0x2260fac5e5542a773aa44fbcfedf7c193bc2c599,0xdac17f958d2ee523a2206206994597c13d831ec7,1509056531,6322408,0x6dce52e318338b0cc30969ada8e0c95d24c37a28,false,0x4f1d99b6e2876aafb3e3c1f75120a6344b7965c1
0x87870bca3f3fd6335c3f4ce8392d69350b4fa4e2,0xfab3956350d818d0a2bc98354b498224569c63b3be0e043f203f57307dcfb65e,50,2023-06-14 20:59:35.000 UTC,1.7480707e+07,0xc02aaa39b223fe8d0a0e5c4f27ead9083c756cc2,0xdac17f958d2ee523a2206206994597c13d831ec7,6939718074,4432252794120614705,0x50a77ba863dbaa84269133e5625ef80072f1884a,false,0xae1704ea3747e4861fb7283a9eaa8c70b925295c
0x87870bca3f3fd6335c3f4ce8392d69350b4fa4e2,0x945c7654c6cad43e5928f686a14db3c88c8473e5cdebf063a529d12876c909d5,69,2023-06-14 20:59:35.000 UTC,1.7480707e+07,0xc02aaa39b223fe8d0a0e5c4f27ead9083c756cc2,0xa0b86991c6218b36c1d19d4a2e9eb0ce3606eb48,3163898853,2021189736664431319,0x50a77ba863dbaa84269133e5625ef80072f1884a,false,0xde092a220313cede58750434b66d46b5ff494cbb
0x87870bca3f3fd6335c3f4ce8392d69350b4fa4e2,0x1fb250792c66539ceea0f50f750a4df3575aef7fdac3485a798cf04ec910a722,29,2023-03-14 05:13:11.000 UTC,1.6824036e+07,0xa0b86991c6218b36c1d19d4a2e9eb0ce3606eb48,0x2260fac5e5542a773aa44fbcfedf7c193bc2c599,50010325,12853676715,0x777777751f9115c5491375c28080e8c8aab99554,false,0x9073b943c749b85e83390c18cd45df85dcd2e9cc
0x87870bca3f3fd6335c3f4ce8392d69350b4fa4e2,0xc1201b11fd441189e3bcfb33b5170320e9cfb55195d912ecb4daf9bd7cbce563,15,2023-06-15 09:48:47.000 UTC,1.7484498e+07,0x7f39c581f595b53c5cb19bd0b3f8da6c935e2ca0,0xa0b86991c6218b36c1d19d4a2e9eb0ce3606eb48,1009070766,585248017722730678,0x80d4230c0a68fc59cb264329d3a717fcaa472a13,false,0x1b7a9c831b4f2088fa6eae337088ae2fc9913ef5
0x87870bca3f3fd6335c3f4ce8392d69350b4fa4e2,0x452f3f371ce293dd61cbcd97338f8c3ac951e17c1bcd17e885cc63065a94aa79,218,2023-06-15 12:40:59.000 UTC,1.7485341e+07,0xc02aaa39b223fe8d0a0e5c4f27ead9083c756cc2,0xa0b86991c6218b36c1d19d4a2e9eb0ce3606eb48,480165759,305849034311497631,0xee9039d957d313546e6edcab425aa18b7bfd9e45,false,0xeb350d4315fa5332a0efac7c2365ca2e414acabd
0x87870bca3f3fd6335c3f4ce8392d69350b4fa4e2,0xb0479b8fe9e81f029097db88f450ae1ce386f44e41cc1c296d63f8b1f871b74f,196,2023-06-15 12:53:35.000 UTC,1.7485404e+07,0x6b175474e89094c44da98b954eedeac495271d0f,0xdac17f958d2ee523a2206206994597c13d831ec7,507619033,522489981685391689762,0xee9039d957d313546e6edcab425aa18b7bfd9e45,false,0x9336e67670b8b70abe8753efe7ebf60e6cdd0bed
0x87870bca3f3fd6335c3f4ce8392d69350b4fa4e2,0xd29a999a4007cd415b5cba88ce0d0f64596ef9c9f7a3ebfa76d0ec3490ed3a97,24,2023-06-15 01:43:23.000 UTC,1.7482103e+07,0xc02aaa39b223fe8d0a0e5c4f27ead9083c756cc2,0xa0b86991c6218b36c1d19d4a2e9eb0ce3606eb48,991335248,626174673283481268,0xb206ebe579be55f5b57119bb2e7cc63708eda1aa,false,0xae5ee34994dce7bace81fab0f163895505f92225
0x87870bca3f3fd6335c3f4ce8392d69350b4fa4e2,0x46509632d968360c4a0387d9e714a77beb97632c5a946f2905d684c02baedd1f,22,2023-06-15 01:52:35.000 UTC,1.7482148e+07,0xc02aaa39b223fe8d0a0e5c4f27ead9083c756cc2,0xdac17f958d2ee523a2206206994597c13d831ec7,1526850250,969192575927485334,0x80d4230c0a68fc59cb264329d3a717fcaa472a13,false,0x54f9a36bcb815053f8cb37bcb8d7373bfd69c21e
0x87870bca3f3fd6335c3f4ce8392d69350b4fa4e2,0xf2b0164c48c87e654b39d7633374600a079a810e3e2f3041e8883652f1e26452,49,2023-06-15 11:38:35.000 UTC,1.7485034e+07,0xc02aaa39b223fe8d0a0e5c4f27ead9083c756cc2,0xa0b86991c6218b36c1d19d4a2e9eb0ce3606eb48,876250678,560892602988071439,0x1a2d11cb90d1de13bb81ee7b772a08ac234a8058,false,0x23db246031fd6f4e81b0814e9c1dc0901a18da2d
0x87870bca3f3fd6335c3f4ce8392d69350b4fa4e2,0x0c204857fab5e5310ff746b3122a02a726a3f2f19252d1f96d254c3a1bd5e77f,17,2023-06-15 11:56:47.000 UTC,1.7485124e+07,0xc02aaa39b223fe8d0a0e5c4f27ead9083c756cc2,0xa0b86991c6218b36c1d19d4a2e9eb0ce3606eb48,803444984,511766755277559610,0x1a2d11cb90d1de13bb81ee7b772a08ac234a8058,false,0xff5f770d5f43237a53a05c9451fbbaa677c3af97
0x87870bca3f3fd6335c3f4ce8392d69350b4fa4e2,0x9f10b8a28ce1a5f2d9d9b14c82e8581902ab9bd3cadef7e512407ad51a9b161d,26,2023-06-15 12:06:11.000 UTC,1.7485171e+07,0xc02aaa39b223fe8d0a0e5c4f27ead9083c756cc2,0xa0b86991c6218b36c1d19d4a2e9eb0ce3606eb48,1083677984,690265514978194398,0x1a2d11cb90d1de13bb81ee7b772a08ac234a8058,false,0xff9b90914e248339ab0a50bf4798ef8b012eac79
0x87870bca3f3fd6335c3f4ce8392d69350b4fa4e2,0x3f1bc7c4c3527b09e05b690ea7e6efebf21afc7ae31579ebc0871017a3782e52,15,2023-06-15 06:55:47.000 UTC,1.7483645e+07,0xc02aaa39b223fe8d0a0e5c4f27ead9083c756cc2,0xdac17f958d2ee523a2206206994597c13d831ec7,2502339075,1598330609461475679,0x80d4230c0a68fc59cb264329d3a717fcaa472a13,false,0x1f3c60725065f66748d542493b2cd4eb993cf7ce
0x87870bca3f3fd6335c3f4ce8392d69350b4fa4e2,0x9e9bb19ba280cd4d187d775898145231cff3eebb9781342e647e35cc64a66904,18,2023-07-01 22:33:23.000 UTC,1.7602192e+07,0xc02aaa39b223fe8d0a0e5c4f27ead9083c756cc2,0x514910771af9ca656af840dff83e8264ecf986ca,1024961946424905371586,3608047478270926563,0x50a77ba863dbaa84269133e5625ef80072f1884a,false,0x837bbdccac71d15e03a6e8de25ebaecbd003a307
0x87870bca3f3fd6335c3f4ce8392d69350b4fa4e2,0x14708b7b981cfd15c3ab1d1f2c2d12c1c90bb1c2106963451250e7ab5ed7d37e,100,2023-03-09 20:15:23.000 UTC,1.6792953e+07,0x2260fac5e5542a773aa44fbcfedf7c193bc2c599,0x6b175474e89094c44da98b954eedeac495271d0f,2112769050632108548339,10760887,0xacc0e971c273af3f49f82029ad297d0898d8a266,false,0xac09bfb56d8fb953e0adc74dfd01f9a5346894b5
0x87870bca3f3fd6335c3f4ce8392d69350b4fa4e2,0x4a4aa268e36194cf3bbe967155729bf49aa82d37f2506b2b29c15e3ad0faace4,24,2023-03-09 20:44:23.000 UTC,1.6793097e+07,0xc02aaa39b223fe8d0a0e5c4f27ead9083c756cc2,0xa0b86991c6218b36c1d19d4a2e9eb0ce3606eb48,36070627636,26043504552917766385,0x0edc1e3a69ff68cf34bdffa83f2f69d2c48170a1,false,0xf38c5c71cf44dcdd0a3d5c8513aa8d1e8e4c3c05
0x87870bca3f3fd6335c3f4ce8392d69350b4fa4e2,0x2f0e0b5c6ce1bd50add4f5e78213e3502c7764c0d3a107e084e323e741784462,99,2023-03-09 20:44:23.000 UTC,1.6793097e+07,0xc02aaa39b223fe8d0a0e5c4f27ead9083c756cc2,0xa0b86991c6218b36c1d19d4a2e9eb0ce3606eb48,2391208193,1726486217257175231,0xac9683c436e4acca9e6d9653ce13016e8e2ac3d0,false,0xde092a220313cede58750434b66d46b5ff494cbb
0x87870bca3f3fd6335c3f4ce8392d69350b4fa4e2,0x84107c9e6b8f6e43ef8844cd881cae19911d11cc4db6285685f5ae0180dcab9e,167,2023-03-09 20:44:35.000 UTC,1.6793098e+07,0xc02aaa39b223fe8d0a0e5c4f27ead9083c756cc2,0xa0b86991c6218b36c1d19d4a2e9eb0ce3606eb48,5512987301,3980454992983680406,0x80d4230c0a68fc59cb264329d3a717fcaa472a13,false,0xb18320796a1d2c3ebe65edce7e78eb6a97bafd73
0x87870bca3f3fd6335c3f4ce8392d69350b4fa4e2,0xcb47691f5ea29808d3d88cd0827a46b78732c53f97ac2fa266dfbcb2ad47181e,268,2023-03-09 20:50:59.000 UTC,1.6793128e+07,0xc02aaa39b223fe8d0a0e5c4f27ead9083c756cc2,0xa0b86991c6218b36c1d19d4a2e9eb0ce3606eb48,1510292228,1097609878395010181,0xac9683c436e4acca9e6d9653ce13016e8e2ac3d0,false,0x5ec38fa1aba800ad9745553afcee2e538a11048a
0x87870bca3f3fd6335c3f4ce8392d69350b4fa4e2,0x4742700c459161f8e850ced602398a1c810cb72863bb32e2750b0bfa255a34f3,99,2023-03-09 20:59:23.000 UTC,1.6793168e+07,0xc02aaa39b223fe8d0a0e5c4f27ead9083c756cc2,0xa0b86991c6218b36c1d19d4a2e9eb0ce3606eb48,3134414299,2313735602090191147,0xac9683c436e4acca9e6d9653ce13016e8e2ac3d0,false,0x05cfd4b9b37f4f8736b6da569fb4262d36f57f56
0x87870bca3f3fd6335c3f4ce8392d69350b4fa4e2,0x557e28132f84179bfac46a9fe225be9d8b5ce1d1f7fd107635e57fb99603cef7,64,2023-07-20 09:11:11.000 UTC,1.7733403e+07,0x2260fac5e5542a773aa44fbcfedf7c193bc2c599,0x514910771af9ca656af840dff83e8264ecf986ca,131219193905064735136,3554641,0x7d32c90762e22379235fc311fdb16fab399ed40a,false,0x837bbdccac71d15e03a6e8de25ebaecbd003a307
0x87870bca3f3fd6335c3f4ce8392d69350b4fa4e2,0xd1ebc8319b863d1e3e8a85c0482ad23550d6e7ccf9b9d208465bf45945e22d08,126,2023-07-20 09:11:11.000 UTC,1.7733403e+07,0xc02aaa39b223fe8d0a0e5c4f27ead9083c756cc2,0x514910771af9ca656af840dff83e8264ecf986ca,60003127937077068530,256867738794884008,0x1a2d11cb90d1de13bb81ee7b772a08ac234a8058,false,0x7ccab4d5ebc808d3cf5fa4f5311dd6e35267861e
0x87870bca3f3fd6335c3f4ce8392d69350b4fa4e2,0xf03d57cd314850a0d68314696e9cb1ad4345309860ba1d78e634132b6f8db29b,44,2023-05-12 02:56:35.000 UTC,1.7241323e+07,0xc02aaa39b223fe8d0a0e5c4f27ead9083c756cc2,0x6b175474e89094c44da98b954eedeac495271d0f,6943469193917236573945,4093957538219814916,0x50a77ba863dbaa84269133e5625ef80072f1884a,false,0xde092a220313cede58750434b66d46b5ff494cbb
0x87870bca3f3fd6335c3f4ce8392d69350b4fa4e2,0x235ee0e0bee8fc99e1909c4e7609f2420d80b385e55937304a713dfa60da236f,61,2023-05-12 03:56:47.000 UTC,1.724162e+07,0xc02aaa39b223fe8d0a0e5c4f27ead9083c756cc2,0x6b175474e89094c44da98b954eedeac495271d0f,3262653585269702810470,1931697469776585122,0x50a77ba863dbaa84269133e5625ef80072f1884a,false,0x9cfa5ea1a16712cfcd3a4760bf3fcb63f5b42a29
0x87870bca3f3fd6335c3f4ce8392d69350b4fa4e2,0xb1a7ab9557dffef8e038d882ffdb7dcc1719b0e0287f0d57ff3fff88b8569b07,456,2023-05-12 05:51:11.000 UTC,1.7242179e+07,0x2260fac5e5542a773aa44fbcfedf7c193bc2c599,0xdac17f958d2ee523a2206206994597c13d831ec7,2527521796,10129951,0x80d4230c0a68fc59cb264329d3a717fcaa472a13,false,0xac09bfb56d8fb953e0adc74dfd01f9a5346894b5
0x87870bca3f3fd6335c3f4ce8392d69350b4fa4e2,0xbcb07ad9a031d81ff69b9ce911409758ec814309d26d542483bd5d6ebcdfd299,81,2023-04-19 08:54:11.000 UTC,1.7079596e+07,0xc02aaa39b223fe8d0a0e5c4f27ead9083c756cc2,0xa0b86991c6218b36c1d19d4a2e9eb0ce3606eb48,3486295926,1831923793504811257,0xacc0e971c273af3f49f82029ad297d0898d8a266,false,0x23db246031fd6f4e81b0814e9c1dc0901a18da2d
0x87870bca3f3fd6335c3f4ce8392d69350b4fa4e2,0xe36da8bbae4baa76b70dad6e0bc7a06cce74300e3087b5da4b3fa629cb1d50d7,150,2023-06-19 18:32:35.000 UTC,1.751559e+07,0x7fc66500c84a76ad7e9c93437bfc5ac33e2ddae9,0xa0b86991c6218b36c1d19d4a2e9eb0ce3606eb48,303838471,6269567815688024031,0x594efbe5a71a10a958d812b4c65f3dfa60922a15,false,0xaa2a255b2757cce6d77c094b6e06a640a9dace1b
0x87870bca3f3fd6335c3f4ce8392d69350b4fa4e2,0x2241766c17311991be3b0d67f480d0b8ea8242cdb17d98f51f2d9eda67dc4622,26,2023-07-06 14:29:35.000 UTC,1.76354e+07,0xc02aaa39b223fe8d0a0e5c4f27ead9083c756cc2,0xa0b86991c6218b36c1d19d4a2e9eb0ce3606eb48,13624182340,7604519260510908783,0xd050e0a4838d74769228b49dff97241b4ef3805d,false,0x4ebde1e8ad8e205d4de268ba758e5725eafbc6fd
0x87870bca3f3fd6335c3f4ce8392d69350b4fa4e2,0xe53cecfb8385442bc61ae447137d7c9ccb1793cb3b9bec1edd810e973ba5d004,38,2023-07-20 07:40:59.000 UTC,1.7732954e+07,0x2260fac5e5542a773aa44fbcfedf7c193bc2c599,0xa0b86991c6218b36c1d19d4a2e9eb0ce3606eb48,1969278929,6832668,0x80d4230c0a68fc59cb264329d3a717fcaa472a13,false,0x36e61ac5a3297da0d9bffbe7827b3d98bc59c955
0x87870bca3f3fd6335c3f4ce8392d69350b4fa4e2,0xe2ac07ea6a7eefd9f9edf1267944e12667d694ff9d1bf2125db5160c190bdfc1,13,2023-07-20 08:01:47.000 UTC,1.7733056e+07,0xc02aaa39b223fe8d0a0e5c4f27ead9083c756cc2,0xa0b86991c6218b36c1d19d4a2e9eb0ce3606eb48,1403888065,766994753247479231,0x1a2d11cb90d1de13bb81ee7b772a08ac234a8058,false,0x7420fa58ba44e1141d5e9adb6903be549f7ce0b5
0x87870bca3f3fd6335c3f4ce8392d69350b4fa4e2,0x85f49fbdbb81273167291c028602aad8b165feef819d44ea072306a94edfd5ad,54,2023-06-30 13:47:47.000 UTC,1.7592485e+07,0x2260fac5e5542a773aa44fbcfedf7c193bc2c599,0xa0b86991c6218b36c1d19d4a2e9eb0ce3606eb48,4504467697,15748232,0x80d4230c0a68fc59cb264329d3a717fcaa472a13,false,0x7420fa58ba44e1141d5e9adb6903be549f7ce0b5
0x87870bca3f3fd6335c3f4ce8392d69350b4fa4e2,0xb3409ae567fb95aaca64eedadac84afce6882e633ed518acd6a68c0ffeff0cbb,150,2023-04-19 08:11:59.000 UTC,1.7079387e+07,0xc02aaa39b223fe8d0a0e5c4f27ead9083c756cc2,0xa0b86991c6218b36c1d19d4a2e9eb0ce3606eb48,32154238329,16581446064220603397,0xacc0e971c273af3f49f82029ad297d0898d8a266,false,0xff9b90914e248339ab0a50bf4798ef8b012eac79
0x87870bca3f3fd6335c3f4ce8392d69350b4fa4e2,0x6402b0feb58dcae3363b55e6133ca6d839bcd0d7d11a9abff01fa2372983c9d5,19,2023-04-19 08:50:35.000 UTC,1.7079578e+07,0xc02aaa39b223fe8d0a0e5c4f27ead9083c756cc2,0xa0b86991c6218b36c1d19d4a2e9eb0ce3606eb48,3943853368,2072353861028286788,0xacc0e971c273af3f49f82029ad297d0898d8a266,false,0xae5ee34994dce7bace81fab0f163895505f92225
0x87870bca3f3fd6335c3f4ce8392d69350b4fa4e2,0xe1d776dc7bcebfba8b402fed1460d2f88392fd49b03d4efc01767752cecd65f2,31,2023-06-01 03:04:59.000 UTC,1.7383174e+07,0xc02aaa39b223fe8d0a0e5c4f27ead9083c756cc2,0xa0b86991c6218b36c1d19d4a2e9eb0ce3606eb48,14860476733,8424781743939775398,0xd050e0a4838d74769228b49dff97241b4ef3805d,false,0x7420fa58ba44e1141d5e9adb6903be549f7ce0b5
0x87870bca3f3fd6335c3f4ce8392d69350b4fa4e2,0xaf3f5e52b8dd988fa5feeac0d5405480ec3f4a2acad2b730b156034dfdaad2c1,386,2023-02-13 09:54:47.000 UTC,1.6619072e+07,0xc02aaa39b223fe8d0a0e5c4f27ead9083c756cc2,0xa0b86991c6218b36c1d19d4a2e9eb0ce3606eb48,429480501,302216490465484501,0x3697e949a4d9a507a6ce2f6ff6bb99bcc8eacb81,false,0x69bfc96c3983053c36e790c7eb79372bf6979518
0x87870bca3f3fd6335c3f4ce8392d69350b4fa4e2,0x244d864670d3d1a360bdcfe769dee68b808c48d7fc3c5b9cbe03cec3e1bb57dc,51,2023-04-25 19:46:47.000 UTC,1.7125443e+07,0xc02aaa39b223fe8d0a0e5c4f27ead9083c756cc2,0xa0b86991c6218b36c1d19d4a2e9eb0ce3606eb48,94219316,53633554978929392,0x594efbe5a71a10a958d812b4c65f3dfa60922a15,false,0x91d22f84ca2675808bf3e66eb659728b2067d6e6
0x87870bca3f3fd6335c3f4ce8392d69350b4fa4e2,0x1dbc2ac6a19405e969bcaf0cef2d8d6b428af1d47366d9e17d79bc9ade8026df,19,2023-04-25 14:35:23.000 UTC,1.7123903e+07,0xc02aaa39b223fe8d0a0e5c4f27ead9083c756cc2,0xa0b86991c6218b36c1d19d4a2e9eb0ce3606eb48,4152266633,2397210922054457661,0x1a2d11cb90d1de13bb81ee7b772a08ac234a8058,false,0xff9b90914e248339ab0a50bf4798ef8b012eac79
0x87870bca3f3fd6335c3f4ce8392d69350b4fa4e2,0x457bac5c8fbaa4ed58897f8af4c7da0980e5df7b16b1559f6ce2fba624feaaca,46,2023-03-10 10:41:23.000 UTC,1.6797203e+07,0xc02aaa39b223fe8d0a0e5c4f27ead9083c756cc2,0xa0b86991c6218b36c1d19d4a2e9eb0ce3606eb48,5513292230,4195782837776005864,0xac9683c436e4acca9e6d9653ce13016e8e2ac3d0,false,0xbe3ae37271685e8b5b7188e3c83d0449da9fc409
0x87870bca3f3fd6335c3f4ce8392d69350b4fa4e2,0x85d5ef5231be1a4d41520512140a0457868e9571e8b4cedde8a29371cd369a7f,73,2023-07-13 18:26:11.000 UTC,1.7686348e+07,0x2260fac5e5542a773aa44fbcfedf7c193bc2c599,0x514910771af9ca656af840dff83e8264ecf986ca,505912866414300132366,11665808,0x7d32c90762e22379235fc311fdb16fab399ed40a,false,0x837bbdccac71d15e03a6e8de25ebaecbd003a307
0x87870bca3f3fd6335c3f4ce8392d69350b4fa4e2,0x541ec554b48a97c62d280d1b61941d76d256942eb8b462d873a3882164dda0a7,110,2023-03-10 07:16:47.000 UTC,1.6796205e+07,0xc02aaa39b223fe8d0a0e5c4f27ead9083c756cc2,0x6b175474e89094c44da98b954eedeac495271d0f,634986201775733668424,473575018956231800,0xac9683c436e4acca9e6d9653ce13016e8e2ac3d0,false,0x23db246031fd6f4e81b0814e9c1dc0901a18da2d
0x87870bca3f3fd6335c3f4ce8392d69350b4fa4e2,0x68d00213f5f65a03b890ef354940c441d2382237e0bff3d09b3afb0e98747a06,123,2023-03-10 07:18:11.000 UTC,1.6796212e+07,0x7f39c581f595b53c5cb19bd0b3f8da6c935e2ca0,0xa0b86991c6218b36c1d19d4a2e9eb0ce3606eb48,503880140,345514043284147520,0xac9683c436e4acca9e6d9653ce13016e8e2ac3d0,false,0x1b7a9c831b4f2088fa6eae337088ae2fc9913ef5
0x87870bca3f3fd6335c3f4ce8392d69350b4fa4e2,0xb357cd1c4e4c0081dc02d41c8944db196967bb53be767c5d74fcc59b71bca5fb,159,2023-03-10 00:25:59.000 UTC,1.6794191e+07,0x7f39c581f595b53c5cb19bd0b3f8da6c935e2ca0,0xa0b86991c6218b36c1d19d4a2e9eb0ce3606eb48,1218741315,817419204043729737,0xacc0e971c273af3f49f82029ad297d0898d8a266,false,0x752f33363a7792b39c9423baf020df48ea450029
0x87870bca3f3fd6335c3f4ce8392d69350b4fa4e2,0x352cd59252028ec3f9a5c06fefbef0b9079384d974ed2329a0e422f4c5a72a1e,14,2023-03-10 00:26:59.000 UTC,1.6794196e+07,0xc02aaa39b223fe8d0a0e5c4f27ead9083c756cc2,0xdac17f958d2ee523a2206206994597c13d831ec7,1815687514,1331810290260497849,0xacc0e971c273af3f49f82029ad297d0898d8a266,false,0xae1704ea3747e4861fb7283a9eaa8c70b925295c
0x87870bca3f3fd6335c3f4ce8392d69350b4fa4e2,0x0dbac43b9d4b0a34000565466da446514886e8c090973321cb34b8cb8a6d7ecf,16,2023-03-10 01:18:11.000 UTC,1.6794446e+07,0xae78736cd615f374d3085123a210448e74fc6393,0x5f98805a4e8be255a32880fdec7f6728c6568ba0,2877727070331874134100,2054273684374680362,0x80d4230c0a68fc59cb264329d3a717fcaa472a13,false,0x3c2da26ceaccfe91178d5cc4c028c963acc490cd
0x87870bca3f3fd6335c3f4ce8392d69350b4fa4e2,0x82ab81ca0528dd7f07c6e2c6d46aa9eb7081171950c2b0a9f43c8b6adccc2488,73,2023-04-23 18:21:59.000 UTC,1.7110764e+07,0xc02aaa39b223fe8d0a0e5c4f27ead9083c756cc2,0xa0b86991c6218b36c1d19d4a2e9eb0ce3606eb48,955450321,539638551443340335,0x1a2d11cb90d1de13bb81ee7b772a08ac234a8058,false,0xeb350d4315fa5332a0efac7c2365ca2e414acabd
0x87870bca3f3fd6335c3f4ce8392d69350b4fa4e2,0x3a9629180aa657b588f08e6f426021c232a667814a300465bc4befda9e8e2d3e,22,2023-06-21 14:55:35.000 UTC,1.7528764e+07,0xa0b86991c6218b36c1d19d4a2e9eb0ce3606eb48,0x2260fac5e5542a773aa44fbcfedf7c193bc2c599,285757846,86974221211,0x80d4230c0a68fc59cb264329d3a717fcaa472a13,false,0xec04b73b881ce885358e44be7d0245b144e315bb
0x87870bca3f3fd6335c3f4ce8392d69350b4fa4e2,0xd03a83062449f388852783a7e6e48879f6b7314cbb9b233c4e9c4b326b44fcf6,84,2023-03-11 06:42:23.000 UTC,1.6803129e+07,0xa0b86991c6218b36c1d19d4a2e9eb0ce3606eb48,0xc02aaa39b223fe8d0a0e5c4f27ead9083c756cc2,28570542267815039628,47431636103,0xacc0e971c273af3f49f82029ad297d0898d8a266,false,0xc72fe1eba65fc9a14f7236c35b5998fa98452ce0
0x87870bca3f3fd6335c3f4ce8392d69350b4fa4e2,0xf89d68692625fa37f7e7d2a10f7f8763434938bfa2005c9e94716ac2a7372aec,154,2023-01-30 19:11:47.000 UTC,1.6521648e+07,0xc02aaa39b223fe8d0a0e5c4f27ead9083c756cc2,0x6b175474e89094c44da98b954eedeac495271d0f,1265883725747618387045,857463537419512830,0x3697e949a4d9a507a6ce2f6ff6bb99bcc8eacb81,false,0x23db246031fd6f4e81b0814e9c1dc0901a18da2d
0x87870bca3f3fd6335c3f4ce8392d69350b4fa4e2,0x8ac95c99ca6aeef0e640152ce9e2fa1506713b1642952a4eeb71ed351f120443,192,2023-03-09 21:50:59.000 UTC,1.6793425e+07,0xc02aaa39b223fe8d0a0e5c4f27ead9083c756cc2,0xa0b86991c6218b36c1d19d4a2e9eb0ce3606eb48,944202219,688810278346828725,0xac9683c436e4acca9e6d9653ce13016e8e2ac3d0,false,0x87a6cd60c74b7c70b7443ff4632118ccfe650d9d
0x87870bca3f3fd6335c3f4ce8392d69350b4fa4e2,0xeda5dee5448db7cb2f15ffae29878342bae8ae3e1b32dfe5ca07014592674a88,161,2023-03-09 22:26:11.000 UTC,1.67936e+07,0xc02aaa39b223fe8d0a0e5c4f27ead9083c756cc2,0xa0b86991c6218b36c1d19d4a2e9eb0ce3606eb48,705169245,511123712241257481,0xac9683c436e4acca9e6d9653ce13016e8e2ac3d0,false,0x23db246031fd6f4e81b0814e9c1dc0901a18da2d
0x87870bca3f3fd6335c3f4ce8392d69350b4fa4e2,0x49a88f3f9ffbcd8d4181d4fef56276c68b13b3a0874631bc0e1910cfca414484,18,2023-03-09 18:29:11.000 UTC,1.6792431e+07,0x2260fac5e5542a773aa44fbcfedf7c193bc2c599,0xdac17f958d2ee523a2206206994597c13d831ec7,2011366463,9951043,0xacc0e971c273af3f49f82029ad297d0898d8a266,false,0x8727aeb7d755ad9b23033e140516d5fb81f60c9a
0x87870bca3f3fd6335c3f4ce8392d69350b4fa4e2,0x04ddfb469e8ee57523146fa25fc9fa560f1b76f06c7ba2d6dbdd9d7cb16b4217,179,2023-03-09 18:30:59.000 UTC,1.679244e+07,0xc02aaa39b223fe8d0a0e5c4f27ead9083c756cc2,0xdac17f958d2ee523a2206206994597c13d831ec7,1936792666,1333621755008498951,0xac9683c436e4acca9e6d9653ce13016e8e2ac3d0,false,0x7ed571262cdae3367af4fa621ab0f480d7242409
0x87870bca3f3fd6335c3f4ce8392d69350b4fa4e2,0xbdf5b66f398e693ea747f8f78181e712ae38abc79832837ecf90b913c4e21d75,136,2023-03-09 19:06:35.000 UTC,1.6792617e+07,0xc02aaa39b223fe8d0a0e5c4f27ead9083c756cc2,0xa0b86991c6218b36c1d19d4a2e9eb0ce3606eb48,2214095449,1546269971353372953,0xac9683c436e4acca9e6d9653ce13016e8e2ac3d0,false,0xae1704ea3747e4861fb7283a9eaa8c70b925295c
0x87870bca3f3fd6335c3f4ce8392d69350b4fa4e2,0x17c11a9ac008e11df1698f0e969ab166c4f2b8f8695c7e7482fe1520dd47b12b,16,2023-03-22 19:05:47.000 UTC,1.6885096e+07,0x2260fac5e5542a773aa44fbcfedf7c193bc2c599,0xa0b86991c6218b36c1d19d4a2e9eb0ce3606eb48,6000894202,22871912,0x80d4230c0a68fc59cb264329d3a717fcaa472a13,false,0x2db98d6507f14615cd9b9b287d8109328b6dc209
0x87870bca3f3fd6335c3f4ce8392d69350b4fa4e2,0xc3997ba9033a23adb45911548d0161a3a7a9782766677b37e1843cc3d263b953,29,2023-07-17 17:21:35.000 UTC,1.7714431e+07,0xc02aaa39b223fe8d0a0e5c4f27ead9083c756cc2,0xa0b86991c6218b36c1d19d4a2e9eb0ce3606eb48,3937426415,2160644243761190842,0x80d4230c0a68fc59cb264329d3a717fcaa472a13,false,0x36e61ac5a3297da0d9bffbe7827b3d98bc59c955
0x87870bca3f3fd6335c3f4ce8392d69350b4fa4e2,0x2e0be201e11a5d1f959e6db9728c166cd0493b691264a7842536effd7b285ab4,27,2023-07-27 01:55:59.000 UTC,1.7781268e+07,0xc02aaa39b223fe8d0a0e5c4f27ead9083c756cc2,0x514910771af9ca656af840dff83e8264ecf986ca,104543140370203774504,461110649738108907,0x1a2d11cb90d1de13bb81ee7b772a08ac234a8058,false,0x7420fa58ba44e1141d5e9adb6903be549f7ce0b5
0x87870bca3f3fd6335c3f4ce8392d69350b4fa4e2,0x8a78ea0a4119fd64275cc29b225d1b60cc17551596f76672d6a36df7d1ce3739,58,2023-07-27 03:55:59.000 UTC,1.7781862e+07,0x2260fac5e5542a773aa44fbcfedf7c193bc2c599,0xa0b86991c6218b36c1d19d4a2e9eb0ce3606eb48,985222888,3497415,0x1a2d11cb90d1de13bb81ee7b772a08ac234a8058,false,0x36e61ac5a3297da0d9bffbe7827b3d98bc59c955
0x87870bca3f3fd6335c3f4ce8392d69350b4fa4e2,0xd4d51afbde0ca99dd53912bbfa9f9f19ed2fb6453ed2377b47c5b0fb87590a76,23,2023-07-30 19:48:59.000 UTC,1.7808032e+07,0xd533a949740bb3306d119cc777fa900ba034cd52,0x6b175474e89094c44da98b954eedeac495271d0f,10676587972554765643729,18327317311485748182556,0xb206ebe579be55f5b57119bb2e7cc63708eda1aa,false,0x34c9d6229de541e2fa77e60835f5106d5842bbb3
0x87870bca3f3fd6335c3f4ce8392d69350b4fa4e2,0x750a24000ff57c23eefc6a2b79d6f8079432c2561589d1fb90af973d1cca014e,141,2023-07-30 21:05:35.000 UTC,1.7808411e+07,0x2260fac5e5542a773aa44fbcfedf7c193bc2c599,0xdac17f958d2ee523a2206206994597c13d831ec7,375150667,1341736,0x594efbe5a71a10a958d812b4c65f3dfa60922a15,false,0xad591a6d35237dada634d43c1c9a5b10d6ed36f6
0x87870bca3f3fd6335c3f4ce8392d69350b4fa4e2,0x56b97dda51b1552ffbd266f6370098070248475410d51e2e4f7f3f0a294ec080,14,2023-08-01 01:58:47.000 UTC,1.7817025e+07,0xc02aaa39b223fe8d0a0e5c4f27ead9083c756cc2,0xdac17f958d2ee523a2206206994597c13d831ec7,841582718,474745972561848821,0x7d32c90762e22379235fc311fdb16fab399ed40a,false,0x3926ed2ff06123538a7b69704a0e10d65f68181f
0x87870bca3f3fd6335c3f4ce8392d69350b4fa4e2,0x23268f2d82f71a9d2555647f5e09a267ad78083423dab6efb2103a2cfbe1049f,103,2023-08-01 02:10:23.000 UTC,1.7817081e+07,0xc02aaa39b223fe8d0a0e5c4f27ead9083c756cc2,0xc02aaa39b223fe8d0a0e5c4f27ead9083c756cc2,1755200978031017324,1834185022042413103,0x50a77ba863dbaa84269133e5625ef80072f1884a,false,0x4ebde1e8ad8e205d4de268ba758e5725eafbc6fd
0x87870bca3f3fd6335c3f4ce8392d69350b4fa4e2,0xd7605c02e44257738cabc618ba0b4b44dbf46d7ee0f85dea20fc795f2f77c2b7,82,2023-08-01 02:11:23.000 UTC,1.7817086e+07,0xc02aaa39b223fe8d0a0e5c4f27ead9083c756cc2,0xdac17f958d2ee523a2206206994597c13d831ec7,2749720368,1578508068568972323,0x50a77ba863dbaa84269133e5625ef80072f1884a,false,0xae1704ea3747e4861fb7283a9eaa8c70b925295c
0x87870bca3f3fd6335c3f4ce8392d69350b4fa4e2,0xf5670b63aae65e8acdaada7d9fcf41d2a401514d803cc75a48ea883439316d79,119,2023-08-01 02:11:59.000 UTC,1.7817089e+07,0xc02aaa39b223fe8d0a0e5c4f27ead9083c756cc2,0xa0b86991c6218b36c1d19d4a2e9eb0ce3606eb48,1300650061,746707856175407224,0x7d32c90762e22379235fc311fdb16fab399ed40a,false,0x9f903780044088e5540191c52af6e9ea2283c37d
0x87870bca3f3fd6335c3f4ce8392d69350b4fa4e2,0x16bc9edde669d6fb00affbe6f01441d593425199ce2d17312613655639f210a0,19,2023-08-01 03:55:35.000 UTC,1.7817603e+07,0x2260fac5e5542a773aa44fbcfedf7c193bc2c599,0xa0b86991c6218b36c1d19d4a2e9eb0ce3606eb48,5830233101,21121243,0x80d4230c0a68fc59cb264329d3a717fcaa472a13,false,0x205a61daa83d213d4e87602401f4616486a52058
0x87870bca3f3fd6335c3f4ce8392d69350b4fa4e2,0x3215e5f620cfd5fb906cc4e1c6f0102fe64a557eb10847bbbb7caf8930adf335,116,2023-08-01 15:30:59.000 UTC,1.7821061e+07,0xc02aaa39b223fe8d0a0e5c4f27ead9083c756cc2,0xa0b86991c6218b36c1d19d4a2e9eb0ce3606eb48,88023238079,50623876330087732173,0x80d4230c0a68fc59cb264329d3a717fcaa472a13,false,0xabb36748f7a4a845aac52c3fa9142b5ccf2883b7
0x87870bca3f3fd6335c3f4ce8392d69350b4fa4e2,0x25adf9e6bf24b4f95a9aac8c6c8c35f9d9231e5dc9f5c784d1841ad8cd8fe11e,32,2023-08-04 20:45:47.000 UTC,1.7844084e+07,0x2260fac5e5542a773aa44fbcfedf7c193bc2c599,0xa0b86991c6218b36c1d19d4a2e9eb0ce3606eb48,2570158799,9319434,0x50a77ba863dbaa84269133e5625ef80072f1884a,false,0x634fd11310885f4f39e98f2abb785a48aa9c9e09
0x87870bca3f3fd6335c3f4ce8392d69350b4fa4e2,0xa941521a24364eff73fc14ffd0dc9bc84a93db65e6afa180fea4779715282a48,310,2023-08-04 20:45:35.000 UTC,1.7844083e+07,0x2260fac5e5542a773aa44fbcfedf7c193bc2c599,0xa0b86991c6218b36c1d19d4a2e9eb0ce3606eb48,2918063443,10580941,0x80d4230c0a68fc59cb264329d3a717fcaa472a13,false,0x205a61daa83d213d4e87602401f4616486a52058
0x87870bca3f3fd6335c3f4ce8392d69350b4fa4e2,0xcf9b40300e7c3248a0af5ababacc655f401004f28a0630e210641b439ca05d02,49,2023-08-04 20:55:47.000 UTC,1.7844134e+07,0xc02aaa39b223fe8d0a0e5c4f27ead9083c756cc2,0xa0b86991c6218b36c1d19d4a2e9eb0ce3606eb48,654662678,376054093273196519,0x1a2d11cb90d1de13bb81ee7b772a08ac234a8058,false,0x9f903780044088e5540191c52af6e9ea2283c37d
